subset_name,penalty,C,class_weight,n_drivers,n_samples,mean_train_accuracy,mean_test_accuracy,mean_accuracy_gap,mean_train_macro_f1,mean_test_macro_f1,mean_macro_f1_gap,oof_accuracy,oof_balanced_accuracy,oof_macro_f1
distinctive_top5,l1,2.0,none,5,273,0.9899250136148465,0.8571717171717171,0.13275329644312933,0.9898601002540344,0.8586588368153585,0.13120126343867594,0.8571428571428571,0.856969696969697,0.8584197001277438
distinctive_top6,l2,1.0,balanced,6,327,0.9801263490392209,0.831888111888112,0.14823823715110893,0.9801920441529077,0.8314497550313498,0.14874228912155812,0.8318042813455657,0.831705948372615,0.8330209682932853
