subset_name,experiment,model,n_samples,n_drivers,n_features,oof_accuracy,oof_balanced_accuracy,oof_macro_f1,mean_train_accuracy,mean_test_accuracy,mean_train_macro_f1,mean_test_macro_f1,mean_accuracy_gap,mean_macro_f1_gap
balanced_top5,with_time_features,logistic_regression,698,5,44,0.828080229226361,0.8261136442797884,0.8266693376437738,0.9172624412270363,0.8279256458821699,0.9170116840120712,0.8261864507869067,0.08933679534486638,0.09082523322516456
balanced_top6,with_time_features,logistic_regression,833,6,44,0.7923169267707083,0.7902486419401257,0.790548219513392,0.8841413611369621,0.7923457070346783,0.8833975137638648,0.7901384677469414,0.09179565410228374,0.09325904601692336
