experiment,model,n_samples,n_drivers,n_features,n_sessions,oof_accuracy,oof_balanced_accuracy,oof_macro_f1,mean_train_accuracy,mean_test_accuracy,mean_train_macro_f1,mean_test_macro_f1,mean_accuracy_gap,mean_macro_f1_gap
style_core_no_time_no_race_context,logistic_regression,4334,5,40,18,0.8177203507152746,0.8185794824390127,0.8177186595151428,0.978473373900966,0.826681517146597,0.9787848170700638,0.8243255130353665,0.15179185675436901,0.15445930403469732
without_time_features,logistic_regression,4334,5,44,18,0.817258883248731,0.8181200644510687,0.8169554350147635,0.9817427379273533,0.8274928107004523,0.9820374706389771,0.82275734126233,0.154249927226901,0.15928012937664704
full_race_context,logistic_regression,4334,5,45,18,0.8167974157821873,0.8179650672703028,0.816618711686807,0.9819535773807303,0.8261201284708959,0.9822479257928333,0.8223281213699893,0.15583344890983442,0.15991980442284393
